Name,mobile,E-mail,visa_type,Country,"Created at"
Arif,01726688743,sadibigboss@gmail.com,Student,USA,"2015-03-04 16:12:24"
Mahabob,01726688748,islamjaidul@yahoo.com,Student,USA,"2015-03-04 16:20:22"
Rahad,01785744225,sadibigboss@gmail.com,Student,USA,"2015-03-04 16:14:32"
Rupa,01726688748,sadibigboss@gmail.com,Student,Australia,"2015-03-04 16:13:25"
sohag,01785744225,sadibigboss@gmail.com,Student,Australia,"2015-03-04 16:12:53"
Sojib,01785744225,jferdous518@gmail.com,Tourist,USA,"2015-03-04 16:15:05"
